Metric,Value
Accuracy,0.9909747292418772
Precision,0.984375
Recall,0.9895287958115183
F1 Score,0.9869451697127938
ROC AUC,0.9906321665008005
