Metric,Value
Accuracy,0.9927797833935018
Precision,1.0
Recall,0.9790575916230366
F1 Score,0.9894179894179894
ROC AUC,0.9996826907821672
