Metric,Value
Accuracy,0.9927797833935018
Precision,0.9895287958115183
Recall,0.9895287958115183
F1 Score,0.9895287958115183
ROC AUC,0.9992932658330088
